{
    "Advent1": "Eerste zondag van de advent",
    "Advent2": "Tweede zondag van de advent",
    "Advent3": "Derde zondag van de advent",
    "Advent4": "Vierde zondag van de advent",
    "Christmas": "Geboorte van de Heer",
    "HolyFamily": "Heilige Familie, Jezus, Maria en Jozef",
    "MaryMotherOfGod": "Heilige Maria, Moeder van God",
    "Christmas2": "Tweede zondag na Kerstmis",
    "Epiphany": "Openbaring des Heren",
    "BaptismLord": "Doop van de Heer",
    "OrdSunday2": "Tweede zondag door het jaar",
    "OrdSunday3": "Derde zondag door het jaar",
    "OrdSunday4": "Vierde zondag door het jaar",
    "OrdSunday5": "Vijfde zondag door het jaar",
    "OrdSunday6": "Zesde zondag door het jaar",
    "OrdSunday7": "Zevende zondag door het jaar",
    "OrdSunday8": "Achtste zondag door het jaar",
    "OrdSunday9": "Negende zondag door het jaar",
    "OrdSunday10": "Tiende zondag door het jaar",
    "OrdSunday11": "Elfde zondag door het jaar",
    "OrdSunday12": "Twaalfde zondag door het jaar",
    "OrdSunday13": "Dertiende zondag door het jaar",
    "OrdSunday14": "Veertiende zondag door het jaar",
    "OrdSunday15": "Vijftiende zondag door het jaar",
    "OrdSunday16": "Zestiende zondag door het jaar",
    "OrdSunday17": "Zeventiende zondag door het jaar",
    "OrdSunday18": "Achttiende zondag door het jaar",
    "OrdSunday19": "Negentiende zondag door het jaar",
    "OrdSunday20": "Twintigste zondag door het jaar",
    "OrdSunday21": "Eenentwintigste zondag door het jaar",
    "OrdSunday22": "Tweeëntwintigste zondag door het jaar",
    "OrdSunday23": "Drieëntwintigste zondag door het jaar",
    "OrdSunday24": "Vierentwintigste zondag door het jaar",
    "OrdSunday25": "Vijfentwintigste zondag door het jaar",
    "OrdSunday26": "Zesentwintigste zondag door het jaar",
    "OrdSunday27": "Zevenentwintigste zondag door het jaar",
    "OrdSunday28": "Achtentwintigste zondag door het jaar",
    "OrdSunday29": "Negenentwintigste zondag door het jaar",
    "OrdSunday30": "Dertigste zondag door het jaar",
    "OrdSunday31": "Eenendertigste zondag door het jaar",
    "OrdSunday32": "Tweeëndertigste zondag door het jaar",
    "OrdSunday33": "Drieëndertigste zondag door het jaar",
    "AshWednesday": "Aswoensdag",
    "Lent1": "Eerste zondag van de veertigdagentijd",
    "Lent2": "Tweede zondag van de veertigdagentijd",
    "Lent3": "Derde zondag van de veertigdagentijd",
    "Lent4": "Vierde zondag van de veertigdagentijd",
    "Lent5": "Vijfde zondag van de veertigdagentijd",
    "PalmSun": "Palm- of passiezondag",
    "MonHolyWeek": "Maandag in de Goede Week",
    "TueHolyWeek": "Dinsdag in de Goede Week",
    "WedHolyWeek": "Woensdag in de Goede Week",
    "HolyThursChrism": "Chrismamis",
    "HolyThurs": "Avondmis van Witte Donderdag",
    "GoodFri": "Goede Vrijdag Herdenking van het lijden en sterven van de Heer",
    "EasterVigil": "Paaswake",
    "Easter": "Paaszondag – Verrijzenis van de Heer",
    "MonOctaveEaster": "Maandag onder het oktaaf van pasen",
    "TueOctaveEaster": "Dinsdag onder het oktaaf van pasen",
    "WedOctaveEaster": "Woensdag onder het oktaaf van pasen",
    "ThuOctaveEaster": "Donderdag onder het oktaaf van pasen",
    "FriOctaveEaster": "Vrijdag onder het oktaaf van pasen",
    "SatOctaveEaster": "Zaterdag onder het oktaaf van pasen",
    "Easter2": "Tweede zondag van pasen",
    "Easter3": "Derde zondag van pasen",
    "Easter4": "Vierde zondag van pasen",
    "Easter5": "Vijfde zondag van pasen",
    "Easter6": "Zesde zondag van pasen",
    "Easter7": "Zevende zondag van Pasen",
    "Ascension": "Hemelvaart van de Heer",
    "Pentecost": "Pinksteren",
    "Trinity": "Zondag na pinksteren Heilige Drieëenheid",
    "CorpusChristi": "Sacramentsdag – Heilig Sacrament van het Lichaam en Bloed van Christus",
    "SacredHeart": "Heilig Hart van Jezus",
    "ImmaculateHeart": "Onbevlekt Hart van de H. Maagd Maria",
    "ChristKing": "Christus, Koning van het heelal"
}
